candidate_id,coordinate,nl_calibration_nrmse,nl_calibration_rank,nl_calibration_rt,nl_calibration_valid,nl_held_out_rt,nl_held_out_valid,nl_parameter_drift,nl_validation_nrmse,nl_validation_rank,np_calibration_rt,np_calibration_valid,np_dynamic_calibration_nrmse,np_dynamic_calibration_rank,np_dynamic_parameter_drift,np_dynamic_validation_nrmse,np_dynamic_validation_rank,np_held_out_rt,np_held_out_valid,np_static_calibration_nrmse,np_static_calibration_rank,np_static_parameter_drift,np_static_validation_nrmse,np_static_validation_rank,run
cc1022_th0600_stop025.00us_fanin01_w63,3,0.1118633685906052,1.0,0.4466770944736822,False,0.39919865021646367,False,0.35277508654849576,0.335841314492989,0.4999999999999999,0.6751424246176798,False,0.43314253950719206,0.5,0.11793721973109936,0.4367053814095674,0.4999999999999999,0.6749260300831201,False,0.07583088304191075,1.0,0.14298808432612117,0.315195794961603,0.9999999999999998,coarse
cc1022_th0600_stop025.00us_fanin01_w63,134,0.052585232627849456,1.0,0.15285142941246727,False,0.1776545621248509,False,0.12222512219969554,0.07461808950663049,0.9999999999999998,0.2613931657584264,False,0.11356104622909531,1.0,0.0927908636688217,0.08313363675480204,0.9999999999999998,0.28718396019135795,False,0.1826391022849036,1.0,0.3115406480954652,0.22160921100557288,0.9999999999999998,coarse
cc1022_th0600_stop025.00us_fanin01_w63,273,0.09979168987605334,1.0,0.15754525756269558,False,0.20142777872118178,False,0.03203512050044076,0.09968645501006766,0.9999999999999998,0.19420417986611183,False,0.0631160574368814,1.0,0.010316066725180102,0.010743594824203258,0.9999999999999998,0.18348755919063867,False,0.72760262991698,0.5,0.6988727858299107,0.9321930776985831,0.4999999999999999,coarse
cc1022_th0600_stop025.00us_fanin01_w63,390,0.1524947200638033,1.0,0.08183773695267108,False,0.09670774703407958,False,0.00950648125213206,0.21387558634619683,0.9999999999999998,0.2668002781667632,False,0.011234779893027609,1.0,0.0021775949673422147,0.02755614962337405,0.9999999999999998,0.26087787296072845,True,0.08749491367069141,1.0,0.013942140118508715,0.03521166774862209,0.9999999999999998,coarse
cc1022_th0550_stop025.00us_fanin03_w40,72,0.012015238036259998,1.0,0.03227797819130389,True,0.030093320296596292,True,0.002466155149670547,0.006155229268614219,0.9999999999999998,0.03988350384194262,True,0.027345673860821096,1.0,0.034716017868537626,0.029584440288088144,0.9999999999999998,0.03421956337966492,True,0.04345607660823277,1.0,0.008023141578431255,0.04372540664196709,0.9999999999999998,phi_nl_precharge_gain_boundary_screen
cc1022_th0550_stop025.00us_fanin03_w40,80,0.05820955206257363,1.0,0.03157182645892077,False,0.03886900334379408,True,0.01597560710640253,0.044418453849605306,0.9999999999999998,0.051009391192797945,True,0.016874757672660317,1.0,0.048498845265591825,0.030055449296245058,0.9999999999999998,0.05791956398264774,True,0.01703017660967841,1.0,0.0007693921801782356,0.01753973599176643,0.9999999999999998,phi_nl_precharge_gain_boundary_screen
cc1022_th0550_stop025.00us_fanin03_w40,96,0.010217518594454224,1.0,0.0374039550790358,True,0.03198746892872389,True,0.00012356388362483973,0.03897694235185365,0.9999999999999998,0.05353451611121095,True,0.0273985111606245,1.0,0.04124203821655485,0.03986913350904842,0.9999999999999998,0.05986902946308258,True,0.007972790406884476,1.0,0.010316833915886132,0.00906692422168098,0.9999999999999998,phi_nl_precharge_gain_boundary_screen
cc1022_th0550_stop025.00us_fanin03_w40,136,0.03406838721212657,1.0,0.02382459104867007,True,0.03061092747700232,True,0.0016783434097644605,0.02797752791720743,0.9999999999999998,0.05023211495680676,True,0.027887751610010215,1.0,0.007220673929568526,0.02596431811017873,0.9999999999999998,0.043415064495083304,True,0.028529145514973094,1.0,0.006264575426403328,0.024029884361017904,0.9999999999999998,phi_nl_precharge_gain_boundary_screen
cc1022_th0550_stop025.00us_fanin03_w40,168,0.008354920632218528,1.0,0.018427516180636788,True,0.01603268762761598,True,0.04025308541864086,0.023908180336923525,0.9999999999999998,0.050019789581142365,True,0.02343553903360955,1.0,0.015085714285713597,0.01062713764010733,0.9999999999999998,0.05417110291008131,True,0.032556357812347836,1.0,0.006464445549480511,0.032309732720615825,0.9999999999999998,phi_nl_precharge_gain_boundary_screen
cc1022_th0550_stop025.00us_fanin03_w40,176,0.008926468353154372,1.0,0.024754272062294854,True,0.0268242489687539,True,0.06303867776604566,0.03321745081857313,0.9999999999999998,0.04421916512087258,True,0.012144866415703663,1.0,0.015371292487553843,0.021479085180384244,0.9999999999999998,0.046817188732979506,True,0.024083853134098634,1.0,0.008107412491420782,0.024198631021449174,0.9999999999999998,phi_nl_precharge_gain_boundary_screen
cc1022_th0550_stop025.00us_fanin03_w40,216,0.01612153772182693,1.0,0.04213064244548561,True,0.04381982085201032,True,0.028400282471499474,0.024251625340024858,0.9999999999999998,0.057505197373074364,True,0.005841663231731199,1.0,0.04449868569282565,0.026515149645664683,0.9999999999999998,0.055564714789615846,True,0.026592124287867516,1.0,0.009663322459529314,0.027827770935279137,0.9999999999999998,phi_nl_precharge_gain_boundary_screen
cc1022_th0550_stop025.00us_fanin03_w40,232,0.003870918073487318,1.0,0.0323344243213864,True,0.02578752075631761,True,0.03878591502494203,0.03499980603607089,0.9999999999999998,0.05402437540451579,True,0.020133456442631165,1.0,0.021152914580980963,0.014356290130804307,0.9999999999999998,0.055895777710932924,True,0.021980371392344114,1.0,0.006638115631690049,0.024438271218483795,0.9999999999999998,phi_nl_precharge_gain_boundary_screen
cc1022_th0550_stop025.00us_fanin03_w48,72,0.0031346826101773875,1.0,0.022402757887662297,True,0.020408386594332834,True,0.019745375396733593,0.013198389160865303,0.9999999999999998,0.034745516761512676,True,0.01894730570364702,1.0,0.0017680339462490932,0.018024742080187485,0.9999999999999998,0.026460241567837,True,0.033142083484185354,1.0,0.0016051364365962117,0.0273224768878921,0.9999999999999998,phi_nl_precharge_gain_boundary_screen
cc1022_th0550_stop025.00us_fanin03_w48,80,0.0021263384410651976,1.0,0.029678263265112782,True,0.031142342943528693,True,0.011693071526680936,0.005191388881112637,0.9999999999999998,0.05508817241819577,True,0.02651650429449415,1.0,0.00861486486486541,0.02492417585889255,0.9999999999999998,0.048235169957127774,True,0.016418733132464846,1.0,0.002477700693759817,0.014538870012884016,0.9999999999999998,phi_nl_precharge_gain_boundary_screen
cc1022_th0550_stop025.00us_fanin03_w48,96,9.649466386942581e-05,1.0,0.027993468319159193,True,0.022981612231896133,True,0.008050205337267462,0.010696721902580092,0.9999999999999998,0.059367359787317,True,0.0059948211052124915,1.0,0.018402154398568057,0.017616445117749728,0.9999999999999998,0.06675355876308814,True,0.017012717216662077,1.0,0.006178733921250811,0.019663231919509794,0.9999999999999998,phi_nl_precharge_gain_boundary_screen
cc1022_th0550_stop025.00us_fanin03_w48,136,0.009830107045507979,1.0,0.023602312400957157,True,0.027190777712001468,True,0.001531376571060753,0.01847828259302265,0.9999999999999998,0.045543432716840325,True,0.016425889766088463,1.0,0.024913028840756007,0.02650776691940347,0.9999999999999998,0.03462351395385612,True,0.028086956304909656,1.0,0.0005992716544503014,0.0281932734443435,0.9999999999999998,phi_nl_precharge_gain_boundary_screen
cc1022_th0550_stop025.00us_fanin03_w48,168,0.03261624611294807,1.0,0.01518093253578651,True,0.01501527496436051,True,0.021144772652269196,0.03874306659169502,0.9999999999999998,0.05111150951620235,True,0.03288159767158487,1.0,0.04656319290465345,0.03702128443141961,0.9999999999999998,0.046031904927192134,True,0.03186189967675691,1.0,0.007426974464990205,0.03183432665660658,0.9999999999999998,phi_nl_precharge_gain_boundary_screen
cc1022_th0550_stop025.00us_fanin03_w48,176,0.014888575173893116,1.0,0.02298596943885546,True,0.025233748600813843,True,0.025440419667522886,0.016735568807987076,0.9999999999999998,0.06044451077064983,True,0.033797158380734854,1.0,0.013231402528666406,0.01051255025084272,0.9999999999999998,0.0499880880333126,True,0.014020022526599592,1.0,0.0032221138762878474,0.019118761825366922,0.9999999999999998,phi_nl_precharge_gain_boundary_screen
cc1022_th0550_stop025.00us_fanin03_w48,216,0.02396874434519857,1.0,0.025783448707719987,True,0.022875262501301123,True,0.011143735019625208,0.01573427956299321,0.9999999999999998,0.03938412994068059,True,0.018841286533985403,1.0,0.0036334913112213915,0.0330748580219032,0.9999999999999998,0.03884094342004266,True,0.030079766170208036,1.0,0.0017861542251795973,0.029233612790789086,0.9999999999999998,phi_nl_precharge_gain_boundary_screen
cc1022_th0550_stop025.00us_fanin03_w48,232,0.009040668968073373,1.0,0.023551498996645576,True,0.027064574041930047,True,0.0029769411603643267,0.021029710245413145,0.9999999999999998,0.02896718557419751,True,0.00831821896262527,1.0,0.0014807502467884866,0.013541223098673307,0.9999999999999998,0.0383225480833331,True,0.02959279272669012,1.0,0.0021538138264366753,0.026406334155968707,0.9999999999999998,phi_nl_precharge_gain_boundary_screen
cc1022_th0550_stop025.00us_fanin03_w56,72,0.0022003380882575346,1.0,0.030609128008983803,True,0.029403609542679954,True,0.011185254813731376,0.014030989266612977,0.9999999999999998,0.02771951122052817,True,0.039348869893329454,1.0,0.007805639574590375,0.03341315009263035,0.9999999999999998,0.02423425451535054,True,0.03579252366294353,1.0,0.006565252201760209,0.036733629467918485,0.9999999999999998,phi_nl_precharge_gain_boundary_screen
cc1022_th0550_stop025.00us_fanin03_w56,80,0.001289451548153438,1.0,0.026372087654010733,True,0.026904935272904,True,0.02508944355188395,0.014559906042692,0.9999999999999998,0.029858042447847354,True,0.028685279750089603,1.0,0.021732381248058905,0.030678118480128955,0.9999999999999998,0.03388526405377594,True,0.018148775986615028,1.0,0.0027399185049885957,0.019229189224285684,0.9999999999999998,phi_nl_precharge_gain_boundary_screen
cc1022_th0550_stop025.00us_fanin03_w56,96,0.005979462986662038,1.0,0.02906380703381816,True,0.021585561533835618,True,0.0007097441268929494,0.0006027263767277357,0.9999999999999998,0.03188801804944638,True,0.01585385671604117,1.0,0.010772464529688984,0.024496238524868357,0.9999999999999998,0.027461303733830645,True,0.015232325587217058,1.0,0.005325345315360164,0.012295862795152537,0.9999999999999998,phi_nl_precharge_gain_boundary_screen
cc1022_th0550_stop025.00us_fanin03_w56,136,0.01079181289320197,1.0,0.023564487014770874,True,0.02034299660598608,False,0.05663080368815327,0.05060858081522659,0.9999999999999998,0.03914161286834825,True,0.04935871800726099,1.0,0.0007810211852064739,0.05572151649675338,0.9999999999999998,0.035575067118777025,False,0.027355123606720547,1.0,0.01060474470905607,0.029612421886075574,0.9999999999999998,phi_nl_precharge_gain_boundary_screen
cc1022_th0550_stop025.00us_fanin03_w56,168,0.000390033465126432,1.0,0.016088164172200162,True,0.0166260836601828,True,0.0029249348179385213,0.012851177319905904,0.9999999999999998,0.03727199106254233,True,0.026613891191420415,1.0,0.02221242838255003,0.04291573434888157,0.9999999999999998,0.03793153962789107,True,0.03357692374092393,1.0,0.012047250254243488,0.03112241273236821,0.9999999999999998,phi_nl_precharge_gain_boundary_screen
cc1022_th0550_stop025.00us_fanin03_w56,176,0.0020756682273107858,1.0,0.013259881868676509,True,0.016741321838575275,True,0.009191928723170525,0.00775904208131249,0.9999999999999998,0.03082414839801112,True,0.049925406740837217,1.0,0.022334293948128192,0.03781788898856032,0.9999999999999998,0.03448858052640316,True,0.023668846232185545,1.0,0.007866108786608995,0.027427546859558956,0.9999999999999998,phi_nl_precharge_gain_boundary_screen
cc1022_th0550_stop025.00us_fanin03_w56,216,0.002449073534569605,1.0,0.020458134169347688,True,0.02310303185998529,True,0.02703324880509671,0.018157810219593486,0.9999999999999998,0.03711635390456244,True,0.02590964015019913,1.0,0.027081109925290177,0.036522169072553755,0.9999999999999998,0.04425405008894765,True,0.033278172107518704,1.0,0.0067056290372174135,0.034464786439065365,0.9999999999999998,phi_nl_precharge_gain_boundary_screen
cc1022_th0550_stop025.00us_fanin03_w56,232,0.003612129359057867,1.0,0.021706784815892485,True,0.025725334652781776,True,0.01831451467936612,0.020493500703115744,0.9999999999999998,0.04365173552317216,True,0.0019491760254627616,1.0,0.0069088244530577025,0.003183214243700618,0.9999999999999998,0.039543838846565975,True,0.030122420637584538,1.0,0.0013390465988199817,0.03481404875392362,0.9999999999999998,phi_nl_precharge_gain_boundary_screen
cc1022_th0550_stop025.00us_fanin03_w63,72,0.01301374941018655,1.0,0.024957883712748177,True,0.041019103017626575,True,0.014755683320864722,0.022024573558413536,0.9999999999999998,0.04037991569570571,True,0.01714474817480096,1.0,0.007928459481884186,0.02345448115701087,0.9999999999999998,0.031864882451871565,True,0.033723415085357505,1.0,0.0038906241437873094,0.03575033648288485,0.9999999999999998,phi_nl_precharge_gain_boundary_screen
cc1022_th0550_stop025.00us_fanin03_w63,80,0.010012209084080832,1.0,0.027175350791045334,True,0.05072886137602819,True,0.03650781398029773,0.025689485662200875,0.9999999999999998,0.02321076824035597,True,0.026367600964175637,1.0,0.005678591709255124,0.03178387783756601,0.9999999999999998,0.024120063649148395,True,0.017395922177647936,1.0,0.0010593968500579828,0.015243584468050743,0.9999999999999998,phi_nl_precharge_gain_boundary_screen
cc1022_th0550_stop025.00us_fanin03_w63,96,0.005407649436481876,1.0,0.026275433532135208,True,0.03258035796219764,True,0.05552610583656378,0.03064576036325523,0.9999999999999998,0.031450532419970166,True,0.024406451737888236,1.0,0.01166566446182184,0.03048705179006567,0.9999999999999998,0.03576960348599489,True,0.02173794995827965,1.0,0.0018399264029426209,0.02330794881313974,0.9999999999999998,phi_nl_precharge_gain_boundary_screen
cc1022_th0550_stop025.00us_fanin03_w63,136,0.004407851912352732,1.0,0.022125766051638796,True,0.03183043159975239,True,0.04725276814723514,0.040684290283254876,0.9999999999999998,0.024673811666786883,True,0.030148211635637093,1.0,0.004435593373766002,0.033863392158877785,0.9999999999999998,0.024881667948885793,True,0.02361013352884231,1.0,0.004438749828402169,0.02466579856865145,0.9999999999999998,phi_nl_precharge_gain_boundary_screen
cc1022_th0550_stop025.00us_fanin03_w63,168,0.007578425234192406,1.0,0.014827161548099124,True,0.0230258192423988,True,0.02152715483206869,0.011374955124750154,0.9999999999999998,0.025707205150314084,True,0.03605499495949997,1.0,0.0033153430994594803,0.03548227814121946,0.9999999999999998,0.026866373383771628,True,0.03383503045240392,1.0,0.008274322660098456,0.040378403662801314,0.9999999999999998,phi_nl_precharge_gain_boundary_screen
cc1022_th0550_stop025.00us_fanin03_w63,176,0.0024413595692266217,1.0,0.01412504760427797,True,0.02637713259301326,True,0.01321333553247421,0.01594948438869706,0.9999999999999998,0.03329041060253465,True,0.018893893193304475,1.0,0.0013599999999989178,0.025109382044699657,0.9999999999999998,0.03461036758291938,True,0.023559060607984225,1.0,0.004435640153310064,0.024612855435134768,0.9999999999999998,phi_nl_precharge_gain_boundary_screen
cc1022_th0550_stop025.00us_fanin03_w63,216,0.007599533352340632,1.0,0.02749914735846204,True,0.04377404620424732,True,0.005222574697031345,0.01600610348409761,0.9999999999999998,0.027206255595993527,True,0.026709118127144188,1.0,0.0036319612590832453,0.02367687154834412,0.9999999999999998,0.02270850539327184,True,0.032289771668160036,1.0,0.001417390768470907,0.033667830960567344,0.9999999999999998,phi_nl_precharge_gain_boundary_screen
cc1022_th0550_stop025.00us_fanin03_w63,232,0.012407873951359115,1.0,0.02364195084460658,True,0.039661315894341215,True,0.045348853682125635,0.022456911135252087,0.9999999999999998,0.030601386967035536,True,0.030114928295109044,1.0,0.0029585798816582406,0.022456460650660152,0.9999999999999998,0.03257411711226189,True,0.01575721903516584,1.0,0.004870738104158999,0.02219261697433821,0.9999999999999998,phi_nl_precharge_gain_boundary_screen
cc1022_th0550_stop025.00us_fanin04_w40,72,4.0751954596636665e-05,1.0,0.024725069514712174,True,0.02474934742756069,True,0.02596199319164409,0.0122378785435883,0.9999999999999998,0.04851372870869249,True,0.014637401113459328,1.0,0.015206295193536414,0.024513044098708366,0.9999999999999998,0.049008321357652755,True,0.03651140376268812,1.0,0.00038533524166161313,0.036726337269588794,0.9999999999999998,phi_nl_precharge_gain_boundary_screen
cc1022_th0550_stop025.00us_fanin04_w40,80,0.0024445740904094726,1.0,0.0354096712377139,True,0.029358478179068836,True,0.02136213679098243,0.020506050231518785,0.9999999999999998,0.02329429337369812,True,0.015857880991494138,1.0,0.011158516573681547,0.019071233624449874,0.9999999999999998,0.0285690606052599,True,0.024498319367110902,1.0,0.0093650230578187,0.02625991730840754,0.9999999999999998,phi_nl_precharge_gain_boundary_screen
cc1022_th0550_stop025.00us_fanin04_w40,96,0.012182461348739583,1.0,0.023505382470916443,True,0.03136192487172992,True,0.03537474257125688,0.03093236020692285,0.9999999999999998,0.05330466983828496,True,0.008754849291971734,1.0,0.007486323063628186,0.016481006613906505,0.9999999999999998,0.04615843244288094,True,0.013489271198936557,1.0,0.007492363552534219,0.014630887327022585,0.9999999999999998,phi_nl_precharge_gain_boundary_screen
cc1022_th0550_stop025.00us_fanin04_w40,136,0.01791021438017706,1.0,0.01780584069846345,True,0.02162585167263693,True,0.0715296605291822,0.032458060004330845,0.9999999999999998,0.02820657145673519,True,0.02183566158065438,1.0,0.011429717264888322,0.02678011312686962,0.9999999999999998,0.03534401742844488,True,0.02819129641828479,1.0,0.005212491195117662,0.025847310502972065,0.9999999999999998,phi_nl_precharge_gain_boundary_screen
cc1022_th0550_stop025.00us_fanin04_w40,168,0.008288270585094711,1.0,0.016694892489625458,False,0.02020231505502256,True,0.021049944608179848,0.009612839013112892,0.9999999999999998,0.042996741148665724,False,0.05261907762415496,1.0,0.0022986392055867077,0.04441138038902803,0.9999999999999998,0.045227839138937555,True,0.029511658324266627,1.0,0.0007504542222922037,0.033377795957136316,0.9999999999999998,phi_nl_precharge_gain_boundary_screen
cc1022_th0550_stop025.00us_fanin04_w40,176,0.008381398111745174,1.0,0.024183634194020212,True,0.02813965525810164,True,0.05414303379978867,0.02912156996444086,0.9999999999999998,0.03497872534609444,True,0.0008679433628023507,1.0,0.020772353885374056,0.025996925145987733,0.9999999999999998,0.03739293434947714,True,0.031029643402087952,1.0,0.004791853848459023,0.02958077917731167,0.9999999999999998,phi_nl_precharge_gain_boundary_screen
cc1022_th0550_stop025.00us_fanin04_w40,216,0.01733095080369593,1.0,0.024322562086073963,True,0.03149978181067214,True,0.03940874239543917,0.02912435154537922,0.9999999999999998,0.02598463028907204,True,0.026241139471064996,1.0,0.01630974329882568,0.0280404049213129,0.9999999999999998,0.03167651032553273,True,0.022837427152817526,1.0,0.00274690972655948,0.025481365191893174,0.9999999999999998,phi_nl_precharge_gain_boundary_screen
cc1022_th0550_stop025.00us_fanin04_w40,232,0.009417715748720492,1.0,0.031471911310300554,True,0.03408024062260941,True,0.016085550565861955,0.011802181315199663,0.9999999999999998,0.04510390453318964,True,0.006612354266975406,1.0,0.02755063530003561,0.015280583541736068,0.9999999999999998,0.03824443811414592,True,0.017324440660293594,1.0,0.0022770599449270373,0.019706040065481666,0.9999999999999998,phi_nl_precharge_gain_boundary_screen
cc1022_th0550_stop025.00us_fanin04_w48,72,0.004445119219275921,1.0,0.020538729358136377,True,0.014341792774844948,True,0.012968864976180612,0.024285181139391567,0.9999999999999998,0.026320408219086894,True,0.032596430798940465,1.0,0.0014682940258763585,0.0333069836177096,0.9999999999999998,0.029734932187398574,True,0.03559501898660123,1.0,0.004218952834270509,0.03199213424031675,0.9999999999999998,phi_nl_precharge_gain_boundary_screen
cc1022_th0550_stop025.00us_fanin04_w48,80,0.02634356958101094,1.0,0.030904308205254517,True,0.024865351278353043,True,0.0029336324412595066,0.01776808008677701,0.9999999999999998,0.035681438171449475,True,0.019191619852199193,1.0,0.011672057375894078,0.02392267998083406,0.9999999999999998,0.03171717868496676,True,0.013095503947516149,1.0,0.0004992511233180461,0.015939971824021845,0.9999999999999998,phi_nl_precharge_gain_boundary_screen
cc1022_th0550_stop025.00us_fanin04_w48,96,0.0017548254349974875,1.0,0.02466325842439287,True,0.02646486970075957,True,0.011135603315633312,0.016824019232484468,0.9999999999999998,0.028926827720181778,True,0.03499875923493013,1.0,0.00025425883548963905,0.032002907366590116,0.9999999999999998,0.03376513281357056,True,0.012167619967939181,1.0,0.00017112543494346446,0.008656072729399186,0.9999999999999998,phi_nl_precharge_gain_boundary_screen
cc1022_th0550_stop025.00us_fanin04_w48,136,0.004505802694927463,1.0,0.020780748649345312,True,0.020686516561072874,True,0.03936671915278988,0.01877054762455018,0.9999999999999998,0.0259823284195061,True,0.02902650142077815,1.0,0.008153701968138407,0.029628297831271005,0.9999999999999998,0.034012502799921324,True,0.027273868541308532,1.0,0.0016251857355145693,0.025832514827653544,0.9999999999999998,phi_nl_precharge_gain_boundary_screen
cc1022_th0550_stop025.00us_fanin04_w48,168,0.012031718142969801,1.0,0.02021480019227372,True,0.016820212240034473,True,0.045316737329430465,0.034158015561544484,0.9999999999999998,0.023025087340707937,True,0.04549466883979773,1.0,0.0013072900645956862,0.04397462596124124,0.9999999999999998,0.03513920425419852,True,0.0306923415941811,1.0,0.005636412770721137,0.028808004444091637,0.9999999999999998,phi_nl_precharge_gain_boundary_screen
cc1022_th0550_stop025.00us_fanin04_w48,176,0.02720922861700463,1.0,0.017924301447661092,True,0.018702959040372925,True,0.01576981424805208,0.03036964873991776,0.9999999999999998,0.035816928736186644,True,0.016235402831512178,1.0,0.008936338473706649,0.02355365689265694,0.9999999999999998,0.03948655526258421,True,0.023242485940264696,1.0,0.0016583747927030072,0.022715012505559615,0.9999999999999998,phi_nl_precharge_gain_boundary_screen
cc1022_th0550_stop025.00us_fanin04_w48,216,0.010834592339100687,1.0,0.03288460145675732,True,0.03440052925411742,True,0.029818512743416417,0.016425428762219325,0.9999999999999998,0.029285620401376822,True,0.01740288710174011,1.0,0.009585492227982608,0.02010263649786922,0.9999999999999998,0.027527645874812864,True,0.035004705172643945,1.0,0.011701730362256439,0.03540643921867966,0.9999999999999998,phi_nl_precharge_gain_boundary_screen
cc1022_th0550_stop025.00us_fanin04_w48,232,0.01886939060118697,1.0,0.02216757672979673,True,0.02099554018550423,True,0.04174832230285752,0.023556927457013786,0.9999999999999998,0.03540233113675923,True,0.0197926051618796,1.0,0.025507900677200053,0.018012190885511658,0.9999999999999998,0.03689652014782298,True,0.01720708557798241,1.0,0.0005802299820662209,0.019815023149523568,0.9999999999999998,phi_nl_precharge_gain_boundary_screen
cc1022_th0550_stop025.00us_fanin04_w56,72,0.017913265606269206,1.0,0.018604208546792404,True,0.014766121347955786,True,0.017381449696999444,0.01610554275827529,0.9999999999999998,0.033744215874982324,True,0.03538493790106847,1.0,0.006400388884387667,0.039882549413270046,0.9999999999999998,0.03442683928270482,True,0.035283563074486185,1.0,0.0020301314242978487,0.03698032416859694,0.9999999999999998,phi_nl_precharge_gain_boundary_screen
cc1022_th0550_stop025.00us_fanin04_w56,80,0.01315346759493491,1.0,0.019597000345445238,True,0.019731981107478074,True,0.011158174945881677,0.01680639672732028,0.9999999999999998,0.023659135169048696,True,0.04724769779920328,1.0,0.013523761375129978,0.04407700276590881,0.9999999999999998,0.025773710107098783,True,0.02190790131390157,1.0,0.002696182772811289,0.021600364925498744,0.9999999999999998,phi_nl_precharge_gain_boundary_screen
cc1022_th0550_stop025.00us_fanin04_w56,96,0.0007928450377196757,1.0,0.014656624325769071,True,0.0187339643452779,True,0.020940913931414343,0.017362218618610866,0.9999999999999998,0.03836572863818622,True,0.025893285781777655,1.0,0.007953890489918548,0.027968893181686428,0.9999999999999998,0.03253914121645317,True,0.011687607226008919,1.0,0.0033316674995823785,0.015294706617143775,0.9999999999999998,phi_nl_precharge_gain_boundary_screen
cc1022_th0550_stop025.00us_fanin04_w56,136,0.01125542688883013,1.0,0.012386026943221497,True,0.01596965880335663,True,0.03310797886576273,0.016840376789200095,0.9999999999999998,0.024858577540075987,True,0.043640148501387845,1.0,0.004178720668595141,0.0458973407076531,0.9999999999999998,0.025615753393692833,True,0.018333851368167998,1.0,0.00536440991490819,0.021683791043419626,0.9999999999999998,phi_nl_precharge_gain_boundary_screen
cc1022_th0550_stop025.00us_fanin04_w56,168,0.009466857373177689,1.0,0.011893517124524423,False,0.010051762603549133,False,0.02707624586615239,0.027027750934558222,0.9999999999999998,0.026533993221196046,False,0.057517928810490414,1.0,0.022619970403775547,0.05376932695383132,0.9999999999999998,0.029035006861295266,False,0.036105085024452366,1.0,0.0018165304268867493,0.03624700072443853,0.9999999999999998,phi_nl_precharge_gain_boundary_screen
cc1022_th0550_stop025.00us_fanin04_w56,176,0.008512720333413732,1.0,0.014009374326031694,True,0.016863724855092313,True,0.029811826328691764,0.01545021817196937,0.9999999999999998,0.0213195737072351,True,0.029937748248023945,1.0,0.005421817393195096,0.025136248744072973,0.9999999999999998,0.02386871066868031,True,0.030101877714880727,1.0,0.005675130317805727,0.031120941953455876,0.9999999999999998,phi_nl_precharge_gain_boundary_screen
cc1022_th0550_stop025.00us_fanin04_w56,216,0.008994613198170437,1.0,0.019773923743138466,True,0.022490136047543484,True,0.01525982029229331,0.016345703923679213,0.9999999999999998,0.028343116411596987,True,0.01726012675737071,1.0,0.007861296575491143,0.0251089129012082,0.9999999999999998,0.029589862081306498,True,0.03325824600201898,1.0,0.0026403045560595777,0.028840694422050995,0.9999999999999998,phi_nl_precharge_gain_boundary_screen
cc1022_th0550_stop025.00us_fanin04_w56,232,0.011963733117003598,1.0,0.012213449747167645,True,0.010402601055698926,True,0.005043805152800082,0.018302951302399607,0.9999999999999998,0.03555034332835753,True,0.041480785572962586,1.0,0.01006711409396034,0.035411922950570655,0.9999999999999998,0.03379764209083966,True,0.017480608614626855,1.0,0.0020044308471351417,0.016432372782193623,0.9999999999999998,phi_nl_precharge_gain_boundary_screen
cc1022_th0550_stop025.00us_fanin05_w32,72,0.03063866983805617,1.0,0.02107543112939092,True,0.040623422488578316,False,0.03307238216305015,0.06022161534397473,0.9999999999999998,0.03627578357725102,True,0.012669114678299679,1.0,0.0057160048134773725,0.0171139019847829,0.9999999999999998,0.038516047316949145,True,0.04253496838492481,1.0,0.02029429462283263,0.043644602745329004,0.9999999999999998,phi_nl_precharge_gain_boundary_screen
cc1022_th0550_stop025.00us_fanin05_w32,80,0.02042390744321727,1.0,0.031301987851501,True,0.05643390017248394,True,0.030898929630640334,0.033137590086420685,0.9999999999999998,0.04747621746612843,True,0.023834103615291154,1.0,0.034308414590103996,0.02722839978383799,0.9999999999999998,0.03870441835182579,True,0.0203611961034988,1.0,0.006849315068494188,0.022819624712585345,0.9999999999999998,phi_nl_precharge_gain_boundary_screen
cc1022_th0550_stop025.00us_fanin05_w32,96,0.009105487140353849,1.0,0.021273776125973427,True,0.043983551222908424,True,0.010442856769341171,0.027767496085015306,0.9999999999999998,0.0400184581605267,True,0.007018257163901211,1.0,0.006338443396228354,0.01766805772986039,0.9999999999999998,0.04146753725623113,True,0.015010435671300705,1.0,0.004721488393006435,0.016646490331487976,0.9999999999999998,phi_nl_precharge_gain_boundary_screen
cc1022_th0550_stop025.00us_fanin05_w32,136,0.03723284118936403,1.0,0.02584446709655173,True,0.03823560185708163,True,0.006482331892452875,0.03423620840461414,0.9999999999999998,0.035020846383657406,True,0.003973598962260684,1.0,0.015111019736843421,0.007701552098707732,0.9999999999999998,0.03884859804202773,True,0.028632673356866492,1.0,0.002573884267131343,0.026453436621658423,0.9999999999999998,phi_nl_precharge_gain_boundary_screen
cc1022_th0550_stop025.00us_fanin05_w32,168,0.02878088452431305,1.0,0.011903317003693141,True,0.028827136773430066,True,0.013113705084229975,0.016394736751908504,0.9999999999999998,0.04099639382606751,True,0.0035173116887509486,1.0,0.008090614886730286,0.013031193638467792,0.9999999999999998,0.039466156153021834,True,0.03386869343969714,1.0,0.016598166297819534,0.03600261796926366,0.9999999999999998,phi_nl_precharge_gain_boundary_screen
cc1022_th0550_stop025.00us_fanin05_w32,176,0.035995415306465085,1.0,0.0157198129276146,True,0.029924982977942372,True,0.0018107023208366857,0.04136013547076462,0.9999999999999998,0.03596924515347066,True,0.022099160782273274,1.0,0.01445330830595915,0.017042247762251227,0.9999999999999998,0.0361176739095036,True,0.02187218737837696,1.0,0.0039287696972278964,0.023102152587885415,0.9999999999999998,phi_nl_precharge_gain_boundary_screen
cc1022_th0550_stop025.00us_fanin05_w32,216,0.010670540234319244,1.0,0.027492512677295,True,0.05234232369798663,True,0.009627836619006796,0.011401675302494009,0.9999999999999998,0.039154321216229686,True,0.006399930694638241,1.0,0.0030492231741030473,0.005633499266893934,0.9999999999999998,0.03776853181279314,True,0.030371051675799867,1.0,0.00043594693903006924,0.031454092138270356,0.9999999999999998,phi_nl_precharge_gain_boundary_screen
cc1022_th0550_stop025.00us_fanin05_w32,232,0.017345033648245,1.0,0.025982708410295846,True,0.033599413421080776,True,0.008572441700077444,0.02710897678617806,0.9999999999999998,0.056218213152340595,True,0.0004187603611089935,1.0,0.002664974619290751,0.008739776865420395,0.9999999999999998,0.05027151518167305,True,0.031130968678416204,1.0,0.005142362238822914,0.03628259621474647,0.9999999999999998,phi_nl_precharge_gain_boundary_screen
cc1022_th0550_stop025.00us_fanin01_w63,72,0.026156009862945178,1.0,0.05585479610424975,True,0.09085394483286863,True,0.00217157776100298,0.030569165815079905,0.9999999999999998,0.07612994104441614,True,0.020026280010581116,1.0,0.007137923094638431,0.012752016280209173,0.9999999999999998,0.06725765710538481,True,0.047233804643867325,1.0,0.0054183398426743915,0.04415972932154531,0.9999999999999998,phi_nl_selected_coordinates_fanin_screen
cc1022_th0550_stop025.00us_fanin01_w63,80,0.04326703773185686,1.0,0.09482906894469192,True,0.129781995992011,True,0.04790169476098065,0.0225688538297973,0.9999999999999998,0.08117330860874677,True,0.029521697402749552,1.0,0.022359570987081162,0.01592629795774506,0.9999999999999998,0.07680721208298996,True,0.019862922619149292,1.0,0.0009496342149704598,0.020510282485314498,0.9999999999999998,phi_nl_selected_coordinates_fanin_screen
cc1022_th0550_stop025.00us_fanin01_w63,88,0.03054167037054432,1.0,0.0702134081409726,True,0.08439722827046088,False,0.10020837525334947,0.045646191290718674,0.9999999999999998,0.12330516578817799,True,0.02428523891018626,1.0,0.009621809434720024,0.027725199540802534,0.9999999999999998,0.1328891065418403,True,0.031017527172181814,1.0,0.0048982477402415335,0.03632591145033546,0.9999999999999998,phi_nl_selected_coordinates_fanin_screen
cc1022_th0550_stop025.00us_fanin01_w63,96,0.0014761082377557253,1.0,0.058003694391247605,True,0.08284282229088215,True,0.04539262363482761,0.036102051769657466,0.9999999999999998,0.11754853112652623,True,0.04335580196299667,1.0,0.027608401084008676,0.02688166971625512,0.9999999999999998,0.10600582896781141,True,0.012215000037676192,1.0,0.002004237530779393,0.011428080079702441,0.9999999999999998,phi_nl_selected_coordinates_fanin_screen
cc1022_th0550_stop025.00us_fanin01_w63,104,0.022265870863598713,1.0,0.0761620445440293,False,0.09631356909578827,False,0.06004018673206887,0.035937991428782394,0.9999999999999998,0.1117347920370256,False,0.06079227572675574,1.0,0.06363018354860234,0.0617063737815478,0.9999999999999998,0.12081474458707214,False,0.01964816871185169,1.0,0.0036162005785913454,0.02166941977342971,0.9999999999999998,phi_nl_selected_coordinates_fanin_screen
cc1022_th0550_stop025.00us_fanin01_w63,120,0.010385298100700872,1.0,0.08420351522528888,True,0.12347632237165748,False,0.008348318305697709,0.07143864323960512,0.9999999999999998,0.10599738046819138,True,0.040925222765912046,1.0,0.05113893498265029,0.04619671377862751,0.9999999999999998,0.11002922935065731,True,0.01995424245172566,1.0,0.004156443931302981,0.02058809327009825,0.9999999999999998,phi_nl_selected_coordinates_fanin_screen
cc1022_th0550_stop025.00us_fanin01_w63,128,0.07866910314262875,1.0,0.07407969714789002,False,0.08112438278450262,False,0.055535747834102846,0.09007059699649256,0.9999999999999998,0.1000958128784126,True,0.008967242268838993,1.0,0.008788827353715339,0.01762336183403336,0.9999999999999998,0.11282953753641702,True,0.034058020009010787,1.0,0.01876936470949639,0.03638461261356976,0.9999999999999998,phi_nl_selected_coordinates_fanin_screen
cc1022_th0550_stop025.00us_fanin01_w63,136,0.016387025035738884,1.0,0.05150618599334712,True,0.0727649309222703,True,0.04874163536150309,0.049870545534821745,0.9999999999999998,0.09037270214851037,True,0.0146000836011653,1.0,0.015119034187067332,0.03285919078917562,0.9999999999999998,0.10275628970627414,True,0.03584801689644764,1.0,0.009202380667830056,0.029311896261157197,0.9999999999999998,phi_nl_selected_coordinates_fanin_screen
cc1022_th0550_stop025.00us_fanin01_w63,160,0.015587641594737191,1.0,0.0427832808788535,True,0.06372208757365862,True,0.03967028884708106,0.030334773408542248,0.9999999999999998,0.05986752174179816,True,0.020108742687143844,1.0,0.0021190344573414096,0.020418721953000523,0.9999999999999998,0.08663314377881787,True,0.03076502748951934,1.0,0.002995805871779049,0.03211215911570976,0.9999999999999998,phi_nl_selected_coordinates_fanin_screen
cc1022_th0550_stop025.00us_fanin01_w63,168,0.0246188868173768,1.0,0.030590978737064407,True,0.043571170914878936,True,0.007435251557218314,0.04436219916120269,0.9999999999999998,0.08772814782830712,True,0.0020964622906851807,1.0,0.049555273189324935,0.039242161321552636,0.9999999999999998,0.06864330167788266,True,0.03449835781812897,1.0,0.003889131300868406,0.03382579850674954,0.9999999999999998,phi_nl_selected_coordinates_fanin_screen
cc1022_th0550_stop025.00us_fanin01_w63,176,0.024764113546974695,1.0,0.04710720923070571,True,0.050516973460111816,True,0.008728930787960196,0.034999336416802924,0.9999999999999998,0.09265317482763258,True,0.019828106637884337,1.0,0.022618529795573012,0.038046383492202726,0.9999999999999998,0.08441574600757651,True,0.029510542370993986,1.0,0.0004905724767515282,0.023710351751443506,0.9999999999999998,phi_nl_selected_coordinates_fanin_screen
cc1022_th0550_stop025.00us_fanin01_w63,216,0.026561795143624195,1.0,0.06903163541120624,True,0.08714727216990299,True,0.04558753075097601,0.03649769499198615,0.9999999999999998,0.06423453673081286,True,0.00536309743799852,1.0,0.015445939212743046,0.009403603667346203,0.9999999999999998,0.07083086865581488,True,0.04128791767155744,1.0,0.011688516821988197,0.038226956531765076,0.9999999999999998,phi_nl_selected_coordinates_fanin_screen
cc1022_th0550_stop025.00us_fanin01_w63,232,0.02891831152233102,1.0,0.05157716813672526,True,0.05731171114315258,True,0.07942462660204867,0.04769888438169299,0.9999999999999998,0.0951578443044159,True,0.024274151378812704,1.0,0.03709214581783792,0.03541134911607081,0.9999999999999998,0.07333661280057639,True,0.019451907067785414,1.0,0.011505097360902399,0.023122332363520272,0.9999999999999998,phi_nl_selected_coordinates_fanin_screen
cc1022_th0550_stop025.00us_fanin01_w63,256,0.00985824654226953,1.0,0.14843172407177685,True,0.1255228456588646,False,0.07084496624542141,0.04226214739023835,0.9999999999999998,0.0965693199632125,True,0.010293736956747276,1.0,0.0211485557083899,0.03226898822327572,0.9999999999999998,0.09079072614623629,False,0.048275557358203804,1.0,0.009617439623852087,0.05016134999571473,0.9999999999999998,phi_nl_selected_coordinates_fanin_screen
cc1022_th0550_stop025.00us_fanin01_w63,264,0.0262993417282411,1.0,0.07615892483798307,False,0.059543205190768146,False,0.015736848064981115,0.021579006984731666,0.9999999999999998,0.1181718901703246,False,0.02707612216599732,1.0,0.060533299633512866,0.0339187750867929,0.9999999999999998,0.11306426021855931,False,0.05931420858936593,1.0,0.0014618888964434034,0.058268533200327544,0.9999999999999998,phi_nl_selected_coordinates_fanin_screen
cc1022_th0550_stop025.00us_fanin02_w63,72,0.02678831953552345,1.0,0.02647636168695826,True,0.040356132136009255,True,0.002210813380917385,0.016025388913320684,0.9999999999999998,0.05027880865826309,True,0.010000062494231188,1.0,0.03714839313155693,0.018085333677482704,0.9999999999999998,0.058132234810614684,True,0.04849729074914315,1.0,0.0018914473684210227,0.047738390430742156,0.9999999999999998,phi_nl_selected_coordinates_fanin_screen
cc1022_th0550_stop025.00us_fanin02_w63,80,0.011468788032605462,1.0,0.037320058175689064,True,0.05728578830548465,True,0.02237026281195142,0.014459015228438628,0.9999999999999998,0.03804276255244439,True,0.009266685862070495,1.0,0.01901064994525902,0.01848345951497602,0.9999999999999998,0.0391743152447171,True,0.018360284701715347,1.0,0.0009290359465459429,0.02154645790080879,0.9999999999999998,phi_nl_selected_coordinates_fanin_screen
cc1022_th0550_stop025.00us_fanin02_w63,88,0.002319460697061351,1.0,0.040196367296360815,True,0.04578146868313611,True,0.027545751940870864,0.02244458795261938,0.9999999999999998,0.08103844154645826,True,0.004831006415872684,1.0,0.07119741100323847,0.034962589768731886,0.9999999999999998,0.06450416842742547,True,0.039712916788893625,1.0,0.00609022949448605,0.035347341342490665,0.9999999999999998,phi_nl_selected_coordinates_fanin_screen
cc1022_th0550_stop025.00us_fanin02_w63,96,0.01709023211073302,1.0,0.03548010677174394,True,0.0406103180266777,True,0.03308697275750155,0.03731690880424536,0.9999999999999998,0.05441785297499181,True,0.0011517736982665583,1.0,0.020942408376966534,0.017926150750238203,0.9999999999999998,0.05505825604333312,True,0.016967749442870037,1.0,0.0011189854531888288,0.01532572081440787,0.9999999999999998,phi_nl_selected_coordinates_fanin_screen
cc1022_th0550_stop025.00us_fanin02_w63,104,0.0023025379282813436,1.0,0.03413243533282946,True,0.035850782933526254,True,0.013511909948822821,0.009589804653799244,0.9999999999999998,0.05465558564207931,True,0.019240226375869147,1.0,0.011270326839480925,0.02803315848719537,0.9999999999999998,0.05784562072077293,True,0.019819040866454,1.0,0.006751954513150324,0.02061044605281684,0.9999999999999998,phi_nl_selected_coordinates_fanin_screen
cc1022_th0550_stop025.00us_fanin02_w63,120,0.021920094426889865,1.0,0.03554288978073167,True,0.043327607480070474,True,0.009371920848984512,0.015914035033613477,0.9999999999999998,0.053821952153352705,True,0.015352099514305809,1.0,0.012099888440746605,0.015383566623277313,0.9999999999999998,0.046459454835386355,True,0.022256873082207255,1.0,0.005055027586009042,0.02014708636040633,0.9999999999999998,phi_nl_selected_coordinates_fanin_screen
cc1022_th0550_stop025.00us_fanin02_w63,128,0.010733767625913535,1.0,0.04067852552839675,True,0.05328060350664997,True,0.0002639018211487553,0.015158003814567979,0.9999999999999998,0.06052425240862343,True,0.011050113074374186,1.0,0.010939053842874694,0.012959677450131641,0.9999999999999998,0.0674951218054831,True,0.042157974976990226,1.0,0.0024734700390973085,0.034784452119399484,0.9999999999999998,phi_nl_selected_coordinates_fanin_screen
cc1022_th0550_stop025.00us_fanin02_w63,136,0.03232905846330316,1.0,0.030034275571175578,True,0.03435053092039785,True,0.02651440346743422,0.028405043479765343,0.9999999999999998,0.05594469231055723,True,0.01301872519650341,1.0,0.022153221472505168,0.011435944840882395,0.9999999999999998,0.05288432416006774,True,0.03044998420911087,1.0,0.015901501556075594,0.029825969563395432,0.9999999999999998,phi_nl_selected_coordinates_fanin_screen
cc1022_th0550_stop025.00us_fanin02_w63,160,0.015415603020439515,1.0,0.0330939244003071,True,0.04102425390283854,True,0.002448879786469912,0.04959264287975737,0.9999999999999998,0.04953825927443076,True,0.009039554837974115,1.0,0.011327471816169929,0.005165474276584795,0.9999999999999998,0.04826466885895877,True,0.0324040363235602,1.0,0.004853732126458094,0.030271875137802242,0.9999999999999998,phi_nl_selected_coordinates_fanin_screen
cc1022_th0550_stop025.00us_fanin02_w63,168,0.0008148485146885789,1.0,0.024100990302563262,True,0.027973725516056105,True,0.015867743175939905,0.007658090855174485,0.9999999999999998,0.052336202591603445,True,0.0008167639249114519,1.0,0.026492287055665076,0.013739603342966191,0.9999999999999998,0.05441020591540962,True,0.04329930897749491,1.0,0.007890563045201257,0.044630978905795066,0.9999999999999998,phi_nl_selected_coordinates_fanin_screen
cc1022_th0550_stop025.00us_fanin02_w63,176,0.011518852570051006,1.0,0.017159897458152325,True,0.027338096397990414,True,0.004320111993237824,0.023677025943558198,0.9999999999999998,0.05476311873982691,True,0.003010618076744889,1.0,0.0004635352286777417,0.02161519873984563,0.9999999999999998,0.048374684983143165,True,0.023421374244740674,1.0,0.009172144176656072,0.025803753517346033,0.9999999999999998,phi_nl_selected_coordinates_fanin_screen
cc1022_th0550_stop025.00us_fanin02_w63,216,6.083250053135841e-05,1.0,0.028866615113129785,True,0.037735601254533804,True,0.019452417330030045,0.00968726097150128,0.9999999999999998,0.043381809713804426,True,0.004662400159985219,1.0,0.0423767498478379,0.021591243886735705,0.9999999999999998,0.05044700943561741,True,0.036088454873936374,1.0,0.008346358236948091,0.034537646681436183,0.9999999999999998,phi_nl_selected_coordinates_fanin_screen
cc1022_th0550_stop025.00us_fanin02_w63,232,0.0006026272789287112,1.0,0.02715269630278852,True,0.03511994866558298,True,0.0468108716699379,0.0375860335094814,0.9999999999999998,0.060043825643374224,True,0.0004975155070592158,1.0,0.00720576461168772,0.03931759095289134,0.9999999999999998,0.0615937100060156,True,0.025873532186101444,1.0,0.00313328512894476,0.028866347697380623,0.9999999999999998,phi_nl_selected_coordinates_fanin_screen
cc1022_th0550_stop025.00us_fanin02_w63,256,0.07282008772866841,1.0,0.05408354235024498,False,0.060107399558941996,False,0.0318290517624722,0.06802497430583417,0.9999999999999998,0.03116998926081122,False,0.018277597473962414,1.0,0.00764902409002976,0.02537813301081016,0.9999999999999998,0.03599654772513741,False,0.05077347978269612,1.0,0.0029954513516524746,0.05040455702825687,0.9999999999999998,phi_nl_selected_coordinates_fanin_screen
cc1022_th0550_stop025.00us_fanin02_w63,264,0.04967033736187362,1.0,0.030612603766774618,False,0.027828653695050578,False,0.02518684966754095,0.04492027116374067,0.9999999999999998,0.042992558365052856,False,0.0128708207341686,1.0,0.031993019704792694,0.013921181004679314,0.9999999999999998,0.04736059123942951,False,0.05152861188934162,1.0,0.010472279260783663,0.05355480676658564,0.9999999999999998,phi_nl_selected_coordinates_fanin_screen
cc1022_th0550_stop025.00us_fanin04_w63,72,0.006331616074323101,1.0,0.014815077179118884,True,0.021301876749619784,True,0.005329350802758637,0.015075699811289187,0.9999999999999998,0.03271621272220991,True,0.04185401173349735,1.0,0.003003812531288351,0.040534297985523354,0.9999999999999998,0.03975958459858816,True,0.040634840052662304,1.0,0.023286314606139124,0.04477213798902883,0.9999999999999998,phi_nl_selected_coordinates_fanin_screen
cc1022_th0550_stop025.00us_fanin04_w63,80,0.005104904715203106,1.0,0.01538647482416266,True,0.025271446319242906,True,0.00014741852148481162,0.0018787152052347385,0.9999999999999998,0.030796194000084147,True,0.0389667979633535,1.0,0.018350187478691785,0.049003519464116185,0.9999999999999998,0.02800057201000418,True,0.01919562273298485,1.0,0.0026498957707669986,0.01971678809744412,0.9999999999999998,phi_nl_selected_coordinates_fanin_screen
cc1022_th0550_stop025.00us_fanin04_w63,88,0.0038725350365896465,1.0,0.01596280834337419,True,0.02184384280254556,True,0.009253436276268304,0.014324266952535324,0.9999999999999998,0.03681989625047322,True,0.03796753950093512,1.0,0.004093636977861697,0.03775215652067492,0.9999999999999998,0.036198335305875844,True,0.03475706176662292,1.0,0.007824075277482054,0.03123977045420531,0.9999999999999998,phi_nl_selected_coordinates_fanin_screen
cc1022_th0550_stop025.00us_fanin04_w63,96,0.008560619898055132,1.0,0.018804592457883185,True,0.02155645527812757,True,0.014804503342762737,0.018497500955429975,0.9999999999999998,0.030610685823906962,True,0.03394987434953016,1.0,0.020343649620149142,0.03417451005973929,0.9999999999999998,0.027865924341979282,True,0.009241947938304976,1.0,0.005696272536224061,0.013265770770808647,0.9999999999999998,phi_nl_selected_coordinates_fanin_screen
cc1022_th0550_stop025.00us_fanin04_w63,104,0.008141269530408772,1.0,0.02103662622539814,True,0.02406004771596144,True,0.00616847411767221,0.009509901717025593,0.9999999999999998,0.04088440403255757,True,0.019302798685871352,1.0,0.012891263078890623,0.034676632816318484,0.9999999999999998,0.03998378340638942,True,0.032796224992085725,1.0,0.0038673578540277566,0.03325011255603878,0.9999999999999998,phi_nl_selected_coordinates_fanin_screen
cc1022_th0550_stop025.00us_fanin04_w63,120,0.010509180675714725,1.0,0.021391694171813764,True,0.030302122309608617,True,0.019461693203579686,0.027222050491023008,0.9999999999999998,0.026595606554287332,True,0.03653656991181551,1.0,0.008628473964079508,0.02902343133590449,0.9999999999999998,0.027789251478028524,True,0.01671345793858023,1.0,0.009336280611948992,0.024182642072555872,0.9999999999999998,phi_nl_selected_coordinates_fanin_screen
cc1022_th0550_stop025.00us_fanin04_w63,128,0.002549184888862512,1.0,0.022428449395741287,True,0.026436049448525997,True,0.025256038154816102,0.012803714550004687,0.9999999999999998,0.031045430512953037,True,0.03395062442684783,1.0,0.0012807377049179943,0.03879990205206863,0.9999999999999998,0.037206949123021194,True,0.048478918888518775,1.0,0.0037011579336971258,0.039672596481051356,0.9999999999999998,phi_nl_selected_coordinates_fanin_screen
cc1022_th0550_stop025.00us_fanin04_w63,136,0.00768594389907372,1.0,0.013801545284654129,True,0.014921253132829824,True,0.005713140530940282,0.01444033576777196,0.9999999999999998,0.02282317201894981,True,0.04189750436130643,1.0,0.007016686448368399,0.044761111348124015,0.9999999999999998,0.026948962439612974,True,0.028712406334736193,1.0,0.003016625984433908,0.028079829101541977,0.9999999999999998,phi_nl_selected_coordinates_fanin_screen
cc1022_th0550_stop025.00us_fanin04_w63,160,0.01663071142045407,1.0,0.01319323662098073,False,0.01630282408979564,False,0.0008214432603548823,0.01772084653918359,0.9999999999999998,0.03273225217123624,False,0.05716803209650404,1.0,0.0005167216879573706,0.05901587612464337,0.9999999999999998,0.024873407015926195,False,0.02659977624054112,1.0,0.018174124145303148,0.023885259774186474,0.9999999999999998,phi_nl_selected_coordinates_fanin_screen
cc1022_th0550_stop025.00us_fanin04_w63,168,0.008835036611374263,1.0,0.010615024700584522,True,0.011524569389987905,True,0.0024897280319837803,0.003967936786478609,0.9999999999999998,0.0350057337263356,True,0.04017998067870211,1.0,0.003259332144392727,0.042146617136409874,0.9999999999999998,0.03155529196429505,True,0.04224943284570298,1.0,0.010555588194974347,0.03983736820524558,0.9999999999999998,phi_nl_selected_coordinates_fanin_screen
cc1022_th0550_stop025.00us_fanin04_w63,176,0.004667192937358453,1.0,0.014635697687568144,True,0.016246222926243854,True,0.003590178923816184,0.0015501948664206073,0.9999999999999998,0.021500179560225978,True,0.047203190045028924,1.0,0.002329028160069209,0.04294093012262175,0.9999999999999998,0.021784348237446464,True,0.030496074449277818,1.0,0.001874192158552625,0.030908079633105375,0.9999999999999998,phi_nl_selected_coordinates_fanin_screen
cc1022_th0550_stop025.00us_fanin04_w63,216,0.006099526647031277,1.0,0.018931617942912975,True,0.020750684318973492,True,0.003850114689224988,0.01083742711121474,0.9999999999999998,0.02895832033810969,True,0.04265521459423855,1.0,0.023051843688295402,0.0499780221241768,0.9999999999999998,0.02974268480091625,True,0.04446680564052382,1.0,0.00025179403248058296,0.04125102959225439,0.9999999999999998,phi_nl_selected_coordinates_fanin_screen
cc1022_th0550_stop025.00us_fanin04_w63,232,0.020075179661346216,1.0,0.014279313961850462,True,0.019742832275316303,True,0.02394275231145295,0.020106617696164005,0.9999999999999998,0.025772675560732993,True,0.029749967994672645,1.0,0.0012858268696347226,0.034554957200058724,0.9999999999999998,0.0323175322770029,True,0.025048631507745518,1.0,0.004956126096847262,0.028197497894289957,0.9999999999999998,phi_nl_selected_coordinates_fanin_screen
cc1022_th0550_stop025.00us_fanin04_w63,256,0.006287946105381176,1.0,0.025103798700319754,False,0.02096325478342899,False,0.005811874459256065,0.010868474906500713,0.9999999999999998,0.02931389649593381,False,0.017729917667869584,1.0,0.00570008769365572,0.01789914040710707,0.9999999999999998,0.02373840177644421,False,0.050752832342849025,1.0,0.00981431319436034,0.053826234245998,0.9999999999999998,phi_nl_selected_coordinates_fanin_screen
cc1022_th0550_stop025.00us_fanin04_w63,264,0.010369387665950575,1.0,0.016155438331698215,False,0.015550022588879478,False,0.003069106965885264,0.007822599660258413,0.9999999999999998,0.021603908664423393,False,0.028912697225389646,1.0,0.007756832326144685,0.030279124075853724,0.9999999999999998,0.023225766579111427,False,0.06165415853830212,1.0,0.003844119202961122,0.05909584101941824,0.9999999999999998,phi_nl_selected_coordinates_fanin_screen
cc1022_th0550_stop025.00us_fanin08_w63,72,0.005918624364450987,1.0,0.008584911265379013,False,0.011150350949083806,False,0.00865549562023906,0.006967594900712211,0.9999999999999998,0.017475563430011665,False,0.08329258075978242,1.0,0.00636924724515948,0.08515537841227165,0.9999999999999998,0.022905362826254067,False,0.03369579679086695,1.0,0.0033782855887283156,0.03717103465853803,0.9999999999999998,phi_nl_selected_coordinates_fanin_screen
cc1022_th0550_stop025.00us_fanin08_w63,80,0.0003224482198163726,1.0,0.013572475707707202,False,0.01437743385517154,False,0.006784452300583837,0.005498898435218175,0.9999999999999998,0.015894239541903107,False,0.07852928986242304,1.0,0.013872037531345052,0.08434215955864321,0.9999999999999998,0.01956958104564363,False,0.026772084308651346,1.0,0.006550910435672827,0.022177929188947305,0.9999999999999998,phi_nl_selected_coordinates_fanin_screen
cc1022_th0550_stop025.00us_fanin08_w63,88,0.004755259602540813,1.0,0.014868208333603283,False,0.013364813189069541,False,0.005163799349335794,0.012259088247498162,0.9999999999999998,0.019439706573112194,False,0.08477070741256335,1.0,0.004988753676682206,0.08570428728685948,0.9999999999999998,0.01677196072939783,False,0.04030575980669052,1.0,0.007643017061684306,0.03953737686322761,0.9999999999999998,phi_nl_selected_coordinates_fanin_screen
cc1022_th0550_stop025.00us_fanin08_w63,96,0.007266049089542649,1.0,0.010991746782581547,False,0.011997865404464023,False,0.012643820258130198,0.009523446442530828,0.9999999999999998,0.013198251613857619,False,0.07275367669321386,1.0,0.006461698801457597,0.07650409348563854,0.9999999999999998,0.014072810756390117,False,0.010699655095290372,1.0,0.00041954521298844124,0.009384435796348366,0.9999999999999998,phi_nl_selected_coordinates_fanin_screen
cc1022_th0550_stop025.00us_fanin08_w63,104,0.00222716443434971,1.0,0.013407156893414065,False,0.015050432780047609,False,0.0026748385458388087,0.0040846945971143,0.9999999999999998,0.01974669598161887,False,0.08153696722595327,1.0,0.0056725586059913355,0.08161094019295762,0.9999999999999998,0.015258111111737268,False,0.01701174285313731,1.0,0.006211872196996424,0.0243406110132269,0.9999999999999998,phi_nl_selected_coordinates_fanin_screen
cc1022_th0550_stop025.00us_fanin08_w63,120,0.002613779419321741,1.0,0.013719854255480462,False,0.013209741053204613,False,0.015543126902196064,0.011771694130006552,0.9999999999999998,0.014643972501694505,False,0.07886287893521716,1.0,0.0100978446324767,0.08020004561231013,0.9999999999999998,0.016051417142408656,False,0.023710441542463975,1.0,0.005056513979773508,0.02280268384347726,0.9999999999999998,phi_nl_selected_coordinates_fanin_screen
cc1022_th0550_stop025.00us_fanin08_w63,128,0.011436877934962524,1.0,0.015954329675674568,False,0.01583825838563345,False,0.006183778403242435,0.004987596685973223,0.9999999999999998,0.024437241121316917,False,0.06961535584975807,1.0,0.014823529411764142,0.07402391300296576,0.9999999999999998,0.0236569649033337,False,0.04277993854608148,1.0,0.0024217536655342193,0.03938064991499171,0.9999999999999998,phi_nl_selected_coordinates_fanin_screen
cc1022_th0550_stop025.00us_fanin08_w63,136,0.010286560431191341,1.0,0.010388184429766713,False,0.009903496063016185,False,0.014435183756519272,0.008833327974678352,0.9999999999999998,0.01836718197020125,False,0.08811731315344344,1.0,0.00047755491881703086,0.08419435625166054,0.9999999999999998,0.015870200081750673,False,0.03041249960386569,1.0,0.004572264642677956,0.029785450000146627,0.9999999999999998,phi_nl_selected_coordinates_fanin_screen
cc1022_th0550_stop025.00us_fanin08_w63,160,0.00031524588676120295,1.0,0.008009185672535503,False,0.007416499401204775,False,0.0060522694485428035,0.004953124804707243,0.9999999999999998,0.01685394228069381,False,0.08535353833517574,1.0,0.002271850486518324,0.08392872972289388,0.9999999999999998,0.015763770343986787,False,0.030317386604212414,1.0,0.0010115892947453382,0.02940253289947042,0.9999999999999998,phi_nl_selected_coordinates_fanin_screen
cc1022_th0550_stop025.00us_fanin08_w63,168,0.0012284733168446184,1.0,0.006930457178122642,False,0.0063697395292152525,False,0.00418029536957364,0.006081966530415853,0.9999999999999998,0.013911843817029744,False,0.09506968067481171,1.0,0.007940836405681674,0.09826389589478755,0.9999999999999998,0.014045340859255982,False,0.02891633217757996,1.0,0.0014103554868618532,0.03311134991103835,0.9999999999999998,phi_nl_selected_coordinates_fanin_screen
cc1022_th0550_stop025.00us_fanin08_w63,176,0.0073978379364915,1.0,0.006187306929206155,False,0.006738508711900766,False,0.004738539403851625,0.002519026931937209,0.9999999999999998,0.01452853999552509,False,0.08644810610504715,1.0,0.00152378428514541,0.08354117894957734,0.9999999999999998,0.01300879336867034,False,0.023621371746717763,1.0,0.0001896054100741141,0.02466626861276073,0.9999999999999998,phi_nl_selected_coordinates_fanin_screen
cc1022_th0550_stop025.00us_fanin08_w63,216,0.0023190057019990213,1.0,0.009649005161475818,False,0.009679245066556602,False,0.0005383556151369503,0.005401233131728393,0.9999999999999998,0.01074260355139913,False,0.06831268134005151,1.0,0.009816028624806268,0.07121138716748807,0.9999999999999998,0.010518421363400697,False,0.03868535700616454,1.0,0.00994715573515667,0.038052898788244485,0.9999999999999998,phi_nl_selected_coordinates_fanin_screen
cc1022_th0550_stop025.00us_fanin08_w63,232,0.006528604248232725,1.0,0.007647556444981662,False,0.010029945654874852,False,0.0031644426577011465,0.0058814568303266505,0.9999999999999998,0.013752413286838443,False,0.06881438052558078,1.0,0.006796398489689738,0.06853800807741244,0.9999999999999998,0.01347399846830603,False,0.0252553908927775,1.0,0.002864102358199135,0.026408737490626978,0.9999999999999998,phi_nl_selected_coordinates_fanin_screen
cc1022_th0550_stop025.00us_fanin08_w63,256,0.000741657668190023,1.0,0.014459129727992098,False,0.016036793547768206,False,0.009159303775172897,0.0047826183256165136,0.9999999999999998,0.013802765480364049,False,0.0503184600844356,1.0,0.005139172625129626,0.05237000882123898,0.9999999999999998,0.013852606136026117,False,0.047541382678207234,1.0,0.0021262555905857106,0.048080772235161114,0.9999999999999998,phi_nl_selected_coordinates_fanin_screen
cc1022_th0550_stop025.00us_fanin08_w63,264,0.010357275023153803,1.0,0.011039434959642247,False,0.010401830497585224,False,0.008740669932462218,0.008241616866675537,0.9999999999999998,0.016518993346159833,False,0.0698181131592838,1.0,0.00126611418047849,0.07137915497369926,0.9999999999999998,0.016613361992979307,False,0.054859049973214294,1.0,0.00462158593369691,0.05472241453047433,0.9999999999999998,phi_nl_selected_coordinates_fanin_screen
cc1022_th0600_stop025.00us_fanin01_w63,3,0.1118633685906052,1.0,0.4466770944736822,False,0.39919865021646367,False,0.35277508654849576,0.335841314492989,0.4999999999999999,0.6751424246176798,False,0.43314253950719206,0.5,0.11793721973109722,0.4367053814095674,0.4999999999999999,0.6749260300831201,False,0.07583088304191075,1.0,0.14298808432612117,0.315195794961603,0.9999999999999998,refine_joint
cc1022_th0600_stop025.00us_fanin01_w63,134,0.052585232627849456,1.0,0.15285142941246727,False,0.1776545621248509,False,0.12222512219969514,0.07461808950662865,0.9999999999999998,0.2613931657584264,False,0.11356104622909531,1.0,0.0927908636688217,0.08313363675480204,0.9999999999999998,0.28718396019135795,False,0.1826391022849036,1.0,0.3115406480954652,0.22160921100557288,0.9999999999999998,refine_joint
cc1022_th0600_stop025.00us_fanin01_w63,273,0.09979168987605334,1.0,0.15754525756269558,False,0.20142777872118178,False,0.03203512050044076,0.09968645501006766,0.9999999999999998,0.19420417986611183,False,0.0631160574368814,1.0,0.010316066725180102,0.010743594824203258,0.9999999999999998,0.18348755919063867,False,0.72760262991698,0.5,0.6988727858299107,0.9321930776985831,0.4999999999999999,refine_joint
cc1022_th0600_stop025.00us_fanin01_w63,390,0.15249472006380402,1.0,0.08183773695267108,False,0.09670774703407958,False,0.009506481252132897,0.21387558634619716,0.9999999999999998,0.2668002781667632,False,0.011234779893027609,1.0,0.0021775949673422147,0.02755614962337405,0.9999999999999998,0.26087787296072845,True,0.08749491367069141,1.0,0.013942140118508715,0.03521166774862209,0.9999999999999998,refine_joint
